"Código SKU","titulo","Ruta","Descripcion","ESTANTERIA","Imagen","Coste","Precio de venta sin IVA","Old Price","Edad","Editorial","Duracion","Dificultad (1-10)","Oferta","Nivel","Publicado","Jugadores","Umbral","Tipo"
"Holanda44","Holanda 44 Deluxe","/holanda-44-edicion-deluxe","




	Holanda 44 Deluxe (Español)
	 


	



	
	Esta edición Deluxe incluye el Escenario Norte y las localizaciones de salto alternativas publicadas originalmente en la revista C3i 
	
	Holanda ´44 es un juego para dos jugadores que representa los ataques por tierra y aire de los Aliados en los Países Bajos durante la Segunda Guerra Mundial, bajo el nombre en clave Operación Market-Garden. Este osado plan ideado por el Mariscal de Campo Montgomery para apoderarse de los puentes más importantes de los Países Bajos tenía el objetivo de abrir el camino hacia Alemania. Sin embargo, los restos de varias divisiones alemanas maltrechas en el área fueron capaces de frenar la ofensiva y casi destruir totalmente la 1ª División Aerotransportada Británica. La ofensiva Aliada fue un fracaso estrepitoso.



	 


	


	 


	En este juego, tendrás la oportunidad de cambiar la historia y estudiar la campaña en detalle. ¿Tuvieron alguna posibilidad de éxito? ¿Se podrían haber hecho las cosas de manera distinta? Todo depende de ti. Cada turno representa aproximadamente 8 horas. La mayoría de unidades son batallones, aunque muchas unidades alemanas tienen el tamaño de compañía.



	 


	



	
	 


	El juego utiliza un sistema muy simple pero efectivo: mueve, combate y aprovisiona, el cual ha sido ampliamente desarrollado en otros títulos de la serie como Normandía ´44 y Ardenas ´44. 



	 


	En el juego se reflejan elementos tan importantes como el suministro, calidad de tropa, calidad de carros, apoyo de artillería y el control del mando. También se incluyen reglas especiales para saltos y suministros aerotransportados y la demolición y reparación de puentes. El juego cubre los primeros siete días críticos de la batalla con una partida de campaña de 20 turnos (unas 12 a 15 horas) y un escenario de torneo de 11 turnos (con unas 4 a 6 horas de duración).



	 


	



	 


	¿Qué contiene?



	
		2 piezas de mapas montados

	
		2 piezas de mapa en papel

	
		1 libro de reglas

	
		1 libro de juego

	
		2 ayudas de juego

	
		2 hojas de órdenes de batalla

	
		1 hoja de despliegue inicial

	
		4 planchas de fichas troqueladas

	
		2 dados de 6 caras

	
		2 hojas de expansión para el escenario norte

	
		16 fichas adicionales con localizaciones de salto alternativas




	MEJORAS DE LA EDICIÓN DELUXE



	
		Se ha incluido el Escenario Norte. En este escenario, la acción se centra en las operaciones llevadas a cabo por la 82ª y la 1ª Divisiones Aerotransportadas y en los esfuerzos del 30º Cuerpo del ejército británico por alcanzar la ciudad de Arnhem.

	
		Se han corregido todas las erratas de la edición original.

	
		Se han incorporado a las reglas las FAQ existentes.




","F6","http://tablerumdrupal.com/sites/tablerumcom/files/holanda-44-edicion-deluxe-comprar-barato.jpg","58.406","59.462","80","+14 años","Mas que Oca"," 2-4 horas","6","Si","5","Sí","2","1","Juegos de Mesa"
"Genitype","Genotype Un Juego de Genética Mendeliana (+PROMOS)","/genotype-un-juego-de-genetica-mendeliana","




	Edición íntegra en español



	 


	¡Con las siguientes CARTAS PROMO incluidas!



	 


	



	
		Catalejo

	
		Caja de Herramientas

	
		Bernard

	
		Patrón de Herencia Alternativa: Codominancia

	
		Patrón de Herencia Alternativa: Dominancia Incompleta




	
	Gregor Mendel es el fraile agustino del siglo XIX al que se atribuye el descubrimiento de la genética moderna. En Genotype, encarnas a sus ayudantes, que compiten para recopilar datos experimentales sobre plantas de guisantes intentando controlar cómo heredan las plantas los rasgos clave de sus padres: forma de la semilla, color de la flor, color del tallo y altura de la planta. Los rasgos observables de una planta de guisantes (su fenotipo) están determinados por su composición genética (su genotipo). La relación entre genotipo y fenotipo y la naturaleza de la herencia genética son el núcleo de Genotype: Un Juego de Genética Mendeliana.



	 


	



	 


	Durante el juego, los jugadores obtienen Cartas de Planta de Guisante que muestran un conjunto de Rasgos de Fenotipo que esperan producir y reunir (como flores rosas y altura) para conseguir puntos. En cada ronda, se tiran Dados para representar la reproducción de la Planta, que puede dar lugar a los Rasgos que los jugadores buscan. Después de la Tirada de Dados, los jugadores se turnan para elegir Dados con los que completar sus Cartas de Planta de Guisante o avanzar en su Investigación. Los Rasgos producidos durante la Tirada de Dados vienen a través de la ciencia de los Cuadrados de Punnett, que muestran cómo se combinan los genes parentales, uno de cada planta madre. Cambiando los genes de estas plantas madre, los jugadores pueden influir en la probabilidad de obtener los Rasgos que necesitan. Completar las Cartas de Planta de Guisantes mediante el Dados Draft es la principal forma que tienen los jugadores de conseguir puntos.



	 


	Cada ronda consta de 3 fases: Colocación de Trabajadores, Dados y Mejoras.



	1.- Durante la Colocación de Trabajadores, los jugadores realizan acciones para conseguir más Cartas de Planta, cambiar los genes de una planta madre, Cultivar, Investigar, reclamar Fenotipos, reunir nuevas Herramientas, o incluso posicionarse por delante de otros jugadores para la Fase de Dados de un par de maneras.


	


	 


	2.- El Drafting (selección) de Dados presenta un par de pasos interesantes, incluyendo la posibilidad de obtener la primera elección de dados, pero sólo para un tipo de Rasgo (como la altura de la planta), o la posibilidad de obtener una elección de cualquier dado, pero sólo después de que esas primeras elecciones hayan ocurrido. Los Dados de Mutación de Novo permiten a los jugadores cambiar el Rasgo de otros Dados o ganar Investigación adicional.


	


	 


	3.- La fase de Mejoras permite a los jugadores gastar su Investigación para ganar Mejoras que les permitan trabajar con más Cartas de Planta, elegir más Dados en cada ronda, o ganar Trabajadores adicionales para usar durante la Fase de Colocación de Trabajadores de cada ronda. Los jugadores trabajan para hacer coincidir sus Cartas de Planta de Guisante con el resultado del Draft de Dados y completar las cartas para conseguir puntos. Si han colocado un marcador de Fenotipo, ganarán puntos extra por cada carta completada que coincida con su reclamación. Al final de 5 rondas, el jugador con más puntos gana.


	



	
	 


	¿Qué contiene?



	
		1 tablero de juego

	
		20 dados personalizados de descendencia

	
		8 losetas de genes parentales

	
		50 cartas de plantas del guisante

	
		25 cartas de herramientas

	
		5 tableros de jugador

	
		25 fichas de acción con forma de pala

	
		15 fichas de investigación de fenotipo

	
		34 fichas de rasgo

	
		20 monedas

	
		4 cuentas de precio para el ábaco

	
		5 losetas de mejora de parcelas extra

	
		8 losetas de mejora de espacios para dados

	
		10 cartas de ayudante

	
		1 ficha para el registro de rondas

	
		1 ficha de jugador inicial

	
		12 cartas para el juego en solitario

	
		1 reglamento

	
		1 libreto de “La ciencia que hay tras Genotype”




	
	*La línea de Juegos Educativos de Ediciones MasQueOca línea tienen un objetivo primario ""jugar"" y otro objetivo primario ""aprender"" son juegos directamente enfocados al aprendizaje mediante el juego. La fusión entre aprendizaje y juego es íntima, cada uno de los juegos va dirigido a una materia educativa concreta (física, química, biología, etc..) con una gran profundidad temática pero tratada en forma de juego. El fin último es que los jugadores se familiaricen y memoricen las materias tratadas a través del juego y casi “sin querer”
	
	 


","F2","http://tablerumdrupal.com/sites/tablerumcom/files/genotype-comprar-barato.jpg","29.203","29.71","40","+14 años","Mas que Oca","60-120 min","6","Si","1","Sí","1-4","1","Juegos de Mesa"
"ElReyEnElNorte","El Rey en el Norte","/el-rey-en-el-norte","




	



	 


	El Rey en el Norte es un juego para 2 jugadores que representa la primera Guerra Civil, llamada Guerra Carlista, que tuvo lugar entre 1833 y 1839, entre los Carlistas, partidarios del Infante Carlos María Isidro de Borbón y de un régimen absolutista, y los Isabelinos, defensores de Isabel II y de la regente María Cristina de Borbón, cuyo gobierno fue en los orígenes absolutista moderado y acabó convirtiéndose en liberal para obtener mayor apoyo popular.Aunque la guerra se desarrolló en varias regiones de España (País Vasco, Navarra, Cataluña, Aragón y Valencia), en este juego sólo se representa la que tuvo lugar en el Norte. 



	 


	Un jugador llevará el bando Isabelino formado por cinco facciones: Guardia Real, Ejercito Regular, Milicias, Chapelgorris y Legión Extranjera. El otro jugador llevará el bando Carlista formado a su vez por cinco facciones: Álava, Castilla, Guipúzcoa, Navarra y Vizcaya.



	 


	 



	 


	Se trata de un juego de guerra de bloques con cartas para cada facción y que se juega en un precioso tablero montado. Con mecanismos similares al famoso juego Sekigahara o Granada, aquellos que conozcan o hayan jugado a estos juegos, les será muy fácil asimilar las reglas y empezar a jugar cómodamente en poco tiempo. Los bloques de cada jugador solo estarán visibles para si mismo, hasta que se producen las batallas. Esto genera un efecto ""niebla de guerra"" muy interesante. No solo tendrás que tener una buena selección de bloques antes de entrar en combate, sino que también es muy importante ser capaz de desplegarlos. De nada sirve un ejército enorme si no tienes la capacidad de desplegarlo en el combate. Estas dos dinámicas crean un efecto de caos controlable que favorece mucho la estrategia y el faroleo.



	 


	



	
	Cada jugador tiene un mazo de cartas y son vitales para el movimiento y el combate, así como para ganar la iniciativa. La doble niebla de guerra, creada por los bloques ocultos y las cartas en mano, hace que cada turno sea muy tenso y crea situaciones emocionantes. Nunca podrás estar del todo seguro de si ese apilamiento de bloques que espera en una localidad será débil o poderoso, o si tu rival será capaz de maximizar el despliegue de sus unidades para lograr frenar tu avance.



	
	Hay que añadir que incluye muchas novedades y cambios en reglas y mecánicas que lo hacen un paso más complejo en dificultad para adaptarlo bien a la nueva temática, pero por otro lado, da mayor tensión y emoción a las partidas, con importantes decisiones a tomar en cada turno. Hará las delicias de los amantes de la estrategia.



	
	Si ya conoces otros juegos similares y este tipo de mecánicas, encontrarás diferencias notables en El Rey en el Norte:



	
		El mapa tiene más ciudades y una mayor red de carreteras, con 3 tipos de vías: caminos reales, caminos secundarios y senderos (estos últimos especialmente útiles para los Carlistas y su guerra de guerrillas).

	
		El factor naval: los liberales tienen bloques de flotas (anglo-españolas).

	
		Hay facciones, 5 por bando, más líderes, y hay más bloques de tropas especiales (carabineros, aduaneros, partidas, guerrillas, tropas de élite como húsares, requetés). También hay bloques para infantería, caballería y artillería.

	
		Los asedios son más duros, por lo que el uso de la artillería se hace casi imprescindible.

	
		Hay ciudades, ciudades fortificadas y pueblos con casas fortificadas. Éstas añaden un elemento defensivo muy importante y proporcionan resultados inesperados a los avances enemigos. También dan puntos de victoria.

	
		Hay cartas especiales y cartas de evento en cada mazo que proporcionan beneficios a ambos jugadores.

	
		Las cartas de lealtad en Sekigahara y El Rey en el Norte no funcionan de la misma manera. ¡Las tropas no leales se convierten en desertores y huyen de las batallas !

	
		Si el jugador liberal captura el bloque de Don Carlos (Carlos V) hay una Victoria inmediata. ¡Protégelo a toda costa!

	
		La tabla de limitaciones de movimiento por número de bloques en los apilamientos es diferente. Más simple y fácil de manejar.

	
		También hay posibilidades de retiradas en ciertos casos.

	
		El sistema de puntuación es totalmente diferente, y existen condiciones de victoria inmediatas para cada bando.




	


	¿Qué contiene?



	
		1 Tablero de juego de 86*60cm doble cara

	
		4 Hojas con pegatinas para bloques, barriles, marcadores y discos

	
		165 bloques de madera

	
		154 cartas (Táctica y Estrategia)

	
		9 barriles de madera

	
		3 discos de madera

	
		5 marcadores de madera

	
		20 cubos pequeños de madera

	
		2 bolsas de tela serigrafiadas

	
		1 hoja de control

	
		2 hojas de ayuda

	
		1 reglamento

	
		1 libro de juego




	(aquellos componentes dependientes del idioma se incluyen por duplicado, tales como los manuales, hojas de ayuda, cartas con texto etc.)



","F6","http://tablerumdrupal.com/sites/tablerumcom/files/el-rey-en-el-norte-comprar-barato.jpg","58.406","59.462","80","+14 años","Mas que Oca"," 2-4 horas","7","Si","1","Sí","2","1","Juegos de Mesa"
"DetectiveCiudadLosAngeles","Detective: Ciudad de Angeles","/detective-ciudad-de-los-angeles","




	Edición íntegra en Español



	
	



	
	Detective: Ciudad de Angeles, ambientado en el oscuro y violento mundo de Los Ángeles de los años 40, es un juego de misterio, engaño e investigación para 1-5 jugadores. La mayoría de los jugadores se pondrán en la piel de los detectives de homicidios del Departamento de Policía de Los Ángeles, hambrientos de gloria y dispuestos a hacer lo que sea necesario para cerrar un caso con éxito, aunque eso signifique intimidar a los sospechosos, ocultar pruebas y contratar soplones para que delaten a sus compañeros. Uno de los jugadores, sin embargo, asumirá el papel de ""El Cincel"", cuyo único objetivo es paralizar y desviar a los detectives en todo momento mediante el farol, la manipulación y (a menudo) la mentira.



	 


	



	 


	Detective: Ciudad de Angeles utiliza el innovador sistema ARC (Adaptive Response Card - Carta de respuesta adaptativa) para crear la sensación de estar interrogando a un sospechoso. Los sospechosos no se limitan a dar respuestas leídas de un libro predefinido, sino que El Cincel elige cuidadosamente cómo van a responder. Cuando Billy O´Shea insiste en que la víctima era cliente habitual del club nocturno Topsy´s, ¿está diciendo la verdad o El Cincel está llevando sutilmente a los detectives a un callejón sin salida que les hará perder un tiempo precioso? Los detectives pueden rebatir las respuestas que creen que son mentiras, pero corriendo un gran riesgo: Si se equivocan, El Cincel adquirirá ventaja sobre ellos, haciendo que el caso sea mucho más difícil de resolver.



	 


	



	
	Detective: Ciudad de Angeles incluye libros de casos separados y detallados tanto para los detectives como para El Cincel. Cada crimen es un rompecabezas cuidadosamente construido que puede desarrollarse de diversas maneras dependiendo de cómo los detectives decidan llevar a cabo sus investigaciones. A medida que los detectives ponen la ciudad patas arriba, descubriendo nuevas pruebas y pistas ""calientes"", se pueden revelar sospechosos ocultos y se abrirán nuevas líneas de investigación, creando una experiencia narrativa única.



	
	Inspirado en clásicos del cine negro como El gran sueño, las obras de James Ellroy (L.A. Confidential) y el videojuego L.A. Noire de Rockstar Games, Detective: City of Angels es un juego de misterio y asesinato diferente a cualquier otro. ¿Logrará un detective superar al resto y cerrar el caso del último asesinato de alto perfil de L.A.? ¿O el Cincel sembrará suficientes dudas y confusión para impedir que los detectives resuelvan el crimen?



	 


	



	
	¿Qué contiene?



	
		Tablero de juego

	
		(4) tableros de detective

	
		Tablero de Tahúr

	
		Cuaderno de hojas de investigación

	
		(4) libros de casos (Detectives)

	
		Libro de casos (Tahúr)

	
		Libro de casos del modo «Sabueso» (solitario)

	
		Reglamento

	
		Libro tutorial

	
		(8) cartas de Favor

	
		(8) cartas de Estafa

	
		(8) cartas de Prueba eliminada

	
		(12) marcadores de Prueba eliminada

	
		(37) figuras de sospechoso

	
		(6) bases de plástico

	
		(4) miniaturas de detective y bases de colores

	
		(32) fichas de Influencia

	
		(32) fichas de Conocimiento

	
		(16) cubos de acción

	
		(4) fichas de Resolver

	
		(8) fichas de Soplón

	
		(49) fichas de Pasta

	
		Marcador de Día

	
		Marcador de Escena del crimen

	
		Marcador de Último intento

	
		(3) marcadores de Estrés




	
	Nueve casos únicos que incluyen:



	
		
			(9) cajitas de caso individuales

	
	
		
			(118) cartas de Caso y Misterio

	
	
		
			(97) cartas de Respuesta

	
	
		
			(204) cartas especiales y de Búsqueda

	
	
		
			(9) cartas del modo «Sabueso» (solitario)

	



","D6","http://tablerumdrupal.com/sites/tablerumcom/files/detective-ciudad-de-los-angeles-comprar-barato.jpg","72.971","74.33799999999999","100","+14 años","Mas que Oca","60-120 min","6","Si","1","Sí","1-5","1","Juegos de Mesa"
"Cangaceiros","Cangaceiros","/cangaceiros","




	
		“Olê, mulher rendeira, Olê, mulher rendá! Tu me ensina a fazer renda, que eu te ensino a namorar!” 


	
		(Del himno de los Cangaceiros, que anunciaban su llegada, y que fue dedicado a la fuerte y respetada figura de la mujer en la región Nordeste de Brasil)




	 


	La zona desértica de Sertão, en la región Nordeste de Brasil, fue escenario de las hazañas de los Cangaceiros, hombres que abrazaron el camino del Cangaço, de canga, que significa yugo. Así como un toro lleva un yugo, el Cangaceiro llevaba armas y las consecuencias de portarlas, dejando atrás a sus seres queridos, viviendo entre un territorio hostil, O Sertão, el abrasador interior repleto de áridas zarzas, la Caatinga, y los desolados acantilados, las Serras.



	



	La figura icónica del Cangaceiro va más allá de la imagen estereotipo de un forajido común, que roba a los ricos para repartir entre los pobres; sin embargo, eran personas que lucharon para reafirmar sus derechos y buscar venganza, paisanos oprimidos que se alzaron en armas contra la tiranía de los Coroneis (los poderosos terratenientes dueños de las fazendas, grandes parcelas de tierra), porque su honor era más importante que cualquier otra cosa.



	 


	En ese contexto, los jugadores representan líderes Cangaceiros y a sus bandas, temidas y respetadas en todo el Sertão. ¡Muestra coraje y honor! ¡Sobrevive en la Caatinga! ¡Haz retroceder a los Volantes de los Coroneis! ¡Ataca sus ciudades corruptas! ¡Enfrenta duelos con el Facão! ¡Corrige los errores cometidos sobre ti! ¡Nunca perdones la traición! ¡Haz crecer tu fama y conviértete en el Cangaceiro más famoso de todo el Sertão!



	 


	¡Cangaceiros es esto y mucho más!



	 


	Cangaceiros es un juego competitivo estratégico en el que cada jugador encarna a una banda que intenta sobrevivir en territorios desérticos hostiles mientras es perseguida por los Volantes, la policía estatal entrenada para matarlos. Cada banda tiene un jefe elegido entre los veinte disponibles, cada uno con sus propias habilidades y características únicas.
	
	La gestión de cada mazo de siete cartas es fundamental, y los jugadores utilizan las cartas para recoger recursos, colocar bandidos para vigilar una región, atacar a los Volantes, asaltar la prisión de la ciudad de Recife, convertir los recursos acumulados en fama, entrenar a su jefe y reclutar nuevos miembros para la banda.
	
	Ganas acumulando puntos de fama, que se obtienen atacando a los Volantes, pero también entrenando a tu jefe para resolver el objetivo de su vida y ayudarle a retirarse con gloria. También ganas puntos de fama de otras formas, y gana quien reúna más fama.



	
	



	¿Qué contiene?



	
		Un mapa a doble cara, una para 2/3 jugadores y la otra para 4/5 jugadores

	
		12 cartas de Volantes, divididas en 2 mazos de 6 cartas cada uno, para 2/3 jugadores y 4/5 jugadores (cada mazo contiene 2 cartas de nivel 1, 2 cartas de nivel 2 y 2 cartas de nivel 3)

	
		4 fichas de Refuerzos de Prisió

	
		10 fichas de Refuerzos de Volantes

	
		15 cartas de Objetivo en la Vida

	
		8 cartas de Acción Serra / 7 cartas de Acción Caatinga

	
		20 cartas de Líder

	
		17 losetas de Fazenda (11 Sertão, 3 Serra, 3 Caatinga)

	
		14 losetas de Evento de doble cara (activa/desactivada)

	
		Loseta de “Paz” de doble cara (activa/desactivada)

	
		Ficha de Bendición

	
		43 Figuras de Volantes de madera

	
		25 fichas de Reis, la moneda del juego (20 de plata de valor 1, 5 de oro de valor 5)

	
		1 ficha de Facão (primer jugador)

	
		20 cubos de Herida

	
		20 fichas de Acuerdo

	
		20 fichas de Venganza

	
		16 losetas de Recompensa

	
		Reglamento en español

	
		Reglamento en portugués




","Novedades","http://tablerumdrupal.com/sites/tablerumcom/files/cangaceiros-comprar-barato.jpg, http://tablerumdrupal.com/sites/tablerumcom/files/cangaceiros-1-comprar-barato.jpg","40.154","40.867","55","+14 años","Mas que Oca","60min","6","Si","1","Sí","2-5","1","Juegos de Mesa"
"CoraQuest","CoraQuest","/coraquest","




	CoraQuest Una aventura de espadas y hechicería para toda la familia



	 


	Esta edición incluye las cartas promocionales de Kickstarter así como otros elementos que mejoraban los componentes del juego, como los diales de salud de héroes y jefazo



	



	CoraQuest es un emocionante y accesible juego cooperativo de exploración de mazmorras para una a cuatro personas, a partir de seis años. En CoraQuest los jugadores trabajan juntos para guiar a cuatro aventureros que exploran una mazmorra, evitan trampas, encuentran tesoros, luchan contra monstruos y, a veces, rescatan a un gnomo llamado Kevin.



	 


	CoraQuest es un juego al que niños y mayores pueden jugar juntos y divertirse por igual. También es un juego que despierta la creatividad, ya que te anima y te orienta sobre cómo crear héroes, monstruos y aventuras para hacer de CoraQuest tu propio juego. Todas las ilustraciones de CoraQuest están basadas en dibujos de niños, muchos de los cuales nos han sido enviados desde todo el mundo por la maravillosa comunidad de CoraQuest. El arte ha sido reunido por nuestro ""jefe-colorista"", Gary King, para crear un juego único y encantador.



	 


	



	 


	CoraQuest es un juego cooperativo, lo que significa que los jugadores están del mismo lado y ganarán o perderán como un equipo. Cada vez que juguéis, trabajaréis codo con codo para controlar a cuatro aventureros dispuestos a explorar una mazmorra, luchar contra monstruos y encontrar tesoros. Antes de comenzar a jugar a CoraQuest, tendréis que decidir si queréis una partida normal (45-60 minutos) o larga (60-75 minutos), y escoger una de las aventuras del libro de Aventuras. Puede que tengáis que luchar contra una serpiente gigante, o que debáis recolectar huevos de araña para una poción… ¡o quizás aceptéis una misión para recuperar una tarta robada!



	 


	Una vez decidida la aventura, os adentraréis en la mazmorra para explorarla sala por sala. Furiosos orcos y trampas letales os esperan a la vuelta de cada esquina, pero tendréis que avanzar con valentía si queréis superar la aventura. Tened cuidado: si cualquiera de los héroes es derrotado, todos perderéis la partida. Después de unas cuantas partidas a CoraQuest, puede que os apetezca crear vuestras propias aventuras, héroes y enemigos con la guía que encontraréis en la caja.



	



	 


	¿Qué contiene?



	
		29 figuras de cartón

	
		29 peanas de plástico para las figuras

	
		1 ficha de exploración

	
		1 libro de aventuras

	
		1 reglamento

	
		1 guía de personalización de personajes

	
		1 ficha de amenaza

	
		4 cartas de resumen de reglas

	
		2 medidores de cuenta atrás

	
		8 fichas de cuenta atrás para los héroes

	
		17 cartas de mazmorra básicas

	
		18 cartas de mazmorra especiales

	
		33 cartas de tesoro

	
		12 fichas de cofre del tesoro

	
		8 cartas de héroes

	
		4 diales de salud de héroe

	
		12 cartas de equipo inicial

	
		18 cartas de objeto especial

	
		1 ficha de segundo aliento

	
		12 fichas de daño

	
		1 dial de salud del jefazo

	
		11 cartas de enemigo

	
		3 dados rojos personalizados

	
		4 dados blancos

	
		8 fichas de araña

	
		4 fichas de veneno/aventura




","Novedades","http://tablerumdrupal.com/sites/tablerumcom/files/coraquest-comprar-barato.jpg, http://tablerumdrupal.com/sites/tablerumcom/files/coraquest-1-comprar-barato.jpg, http://tablerumdrupal.com/sites/tablerumcom/files/coraquest-2-comprar-barato.jpg","29.166","29.71","40","+6 años","Mas que Oca","50min","5","Si","1","Sí","1-4","1","Juegos de Mesa"
"EuropaUniversalis","Europa Universalis: El Precio del Poder","/europa-universalis-el-precio-del-poder","




	Edición íntegra en Español



	 


	Prepárate para gobernar una de las grandes naciones de Europa a través de las edades del Descubrimiento, la Reforma, el Absolutismo y las Revoluciones - que abarcan más de trescientos años de historia. Eleva al rango de potencia mundial a tu nación favorita empezando desde la Edad Media y para crear un imperio glorioso, a través de la diplomacia inteligente, la exploración valiente y la conquista despiadada. Cada una de las naciones jugables tiene sus propias oportunidades y desafíos.



	



	Europa Universalis: el precio del poder es un juego de mesa que expande el legado de la serie de juegos de ordenador de Europa Universalis de Paradox Interactive. Los familiarizados con esta serie de más de 20 años de historia reconocerán enseguida varios de los conceptos de este juego de mesa. No obstante, no es necesario conocer el juego de ordenador para disfrutar de su versión de tablero. El punto de partida de la primera era de Europa Universalis: el precio del poder es el año 1444, tras la batalla de Varna, donde los otomanos consiguieron una victoria decisiva contra las combinadas fuerzas cruzadas cristianas. Europa está a punto de dejar atrás la Edad Media y entrar en la Edad Moderna. El mundo va a vivir cambios como nunca antes lo había hecho. Ya no existirán civilizaciones en diferentes partes del globo aisladas o con contacto limitado o nulo con el mundo exterior. Irreversiblemente, las vidas de personas de todo el planeta se enredarán en un complejo entramado de luchas de poder, expansión imperialista, colonización, comercio e intercambio cultural. Todo ello acarreando guerras y epidemias con sus desastrosas consecuencias. A su vez, la ciencia, la filosofía política y la tecnología comenzarán a progresar a un ritmo nunca antes visto en la historia de la humanidad. Esto cambiará la guerra, las formas de gobierno, las instituciones religiosas y la vida cotidiana de la gente común de una forma que nadie podría haber previsto.



	 


	Si bien algunos estados florecerán en este entorno llegando incluso a tener posiciones de dominio global, otras civilizaciones sufrirán hasta casi desaparecer por completo. Mucho de lo que hicieron las potencias coloniales e imperialistas de esa época en su lucha por la gloria y la riqueza es, por supuesto, más que cuestionable cuando se ve con la mirada actual. El conocimiento de los muchos eventos y desarrollos clave de este período es crucial para comprender cómo hemos llegado a la actualidad del modo en el que lo hemos hecho. El juego se centra en las potencias europeas de la época, no porque respaldemos lo que hicieron, sino porque es la única forma de ayudarnos a entender algunas de sus decisiones. Quizás podamos ver mejor cómo o por qué partes de la historia se desarrollaron del modo en el que lo hicieron, dando a los jugadores libertad para afrontar escenarios hipotéticos a la vez que realistas en el marco de esta época. Todo esto es mucho para un juego de mesa y así no tenemos la pretensión de acercarnos a una simulación extrema. Aun así, el juego permite a los jugadores introducirse en este período de tiempo tan interesante y guiar a su reino a través de una gran parte de la historia. Ante desafíos basados en hechos históricos de la época, estos tendrán que tomar decisiones difíciles y negociar con sus oponentes para que sus reinos crezcan y prosperen.



	



	Europa Universalis: el precio del poder es un juego de mesa de construcción de imperios, conquista, diplomacia y exploración en la Edad Moderna temprana. Cada jugador conducirá a una de las grandes naciones europeas a la gloria o su desaparición, según su capacidad para tomar las decisiones correctas y su habilidad para administrar los recursos disponibles. Durante la partida, los jugadores usarán su poder monárquico y sus ducados para realizar acciones tales como la construcción de contingentes armados, librar batallas, forjar relaciones diplomáticas y desarrollar aspectos de la maquinaria interna de sus sociedades. La gestión de las relaciones diplomáticas entre jugadores es también un aspecto esencial del juego. El ganador es el jugador que termina la partida con más prestigio. Muchos caminos llevan a la victoria, ya que el prestigio se obtiene de diferentes maneras dependiendo de los aspectos en los que uno decida centrar sus esfuerzos.



	 


	



	 


	1. Fase de Cartas



	
		Preparación de eventos, donde acontecerán toda clase de eventos históricos que alterarán de alguna forma la partida.

	
		Robo de cartas de acción, en la cual, los jugadores conseguirán nuevas cartas para llevar a cabo sus planes.

	
		Tasa de cartas de acción, que tendrá que ser pagada por cada carta que se quiera conservar.

	
		Selección y reemplazo de misiones, que podrán ser completadas durante la ronda para conseguir ventajas sobre los rivales, prestigio y mucho más




	Toda la gestión se lleva a cabo en el tablero personal de cada jugador.



	 


	 


	2. Fase de Acción



	
		Los jugadores se turnan para realizar 1 acción hasta que todos hayan pasado. Encontrarás acciones genéricas como el juego de eventos, investigación de ideas, negociación con otros jugadores, cambios de enfoque nacional o religiones. También encontramos acciones menores, que no consumen tu turno, tales como pagar o pedir préstamos, nombrar consejeros y líderes, llamada a las armas, reabastecer a los soldados o romper lazos con países aliados. Sin embargo, las acciones más poderosas las podemos encontrar en tres grupos. Administrativas: que nos permitirán aumentar la estabilidad de la nación, convertir territorios o colonizarlos. Militares, para declarar guerras, activar unidades, reclutar tropas o reprimir revueltas. Diplomáticas: que nos permitirán influenciar otros países, forjar alianzas, crear reclamaciones o establecer lazos comerciales. El corazón del juego es esta fase, y gran parte de las acciones se llevan a cabo mediante el uso de cartas




	 


	3. Fase de Rebeldes y Paz



	
		Eliminación de casus belli y treguas

	
		Invasiones de RNJ, donde las naciones neutrales podrán rivalizar con los jugadores

	
		Asedio y movimiento rebeldes, en los cuales los levantamientos presentes en el mundo sembrarán el caos

	
		Firma de la paz, tanto con otros jugadores como con naciones neutrales

	
		Penalizaciones al prestigio, por diversas causas

	
		Interregno, donde los jugadores sin gobernante sufrirán diversas consecuencias negativas

	
		Disidencia, debido a la cual se extenderá el malestar más adelante

	
		Creación y eliminación de malestar, que tendrá lugar principalmente debido a la existencia de guerras activas

	
		Tiradas de malestar, gracias a las cuales se harán notar los efectos del malestar generado anteriormente




	 


	4. Fase de Ingresos y Mantenimiento



	
		Reducción de costes, en la cual los jugadores tendrán que despedir consejeros, disolver unidades o recuperar barcos en el mar si no pueden pagar sus costes

	
		Recolección de ingresos menos costes, gracias a los cuales los jugadores podrán desarrollar su imperio

	
		Corrupción, que se extenderá por el imperio a medida que la economía va creciendo

	
		Recolección de poder monárquico, en el cual se recibirán ciertos beneficios dependiendo de la situación actual del imperio

	
		Puntuación de prestigio, donde tendrá lugar un recuento del prestigio actual de los jugadores




	 


	5. Fase de Limpieza



	
		Actualización y reabastecimiento, durante la cual las unidades aliadas se disolverán y las reservas de soldados serán actualizadas

	
		Limpieza del mapa y del tablero de estatus, para preparar la siguiente era

	
		Chequeo del límite de mano de 5 cartas

	
		Procedimiento de fin de era, en el que se seguirá una secuencia para determinar el final de la era en curso




	 


	PROBABLEMENTE, LA MAYOR EXPERIENCIA DE ESTRATEGIA HISTÓRICA HASTA LA FECHA



	



	CONTENIDO DE LA EDICIÓN ESTÁNDAR



	
		INCLUYE TODOS LOS LOGROS DESBLOQUEADOS DURANTE LA CAMPAÑA DE KICKSTARTER (excepto los específicos de la versión Deluxe)

	
		INCLUYE LA EXPANSIÓN ""El Destino de los Imperios"" PARA 5-6 JUGADORES

	
		1 caja del juego (dimensiones menores a la versión deluxe)

	
		3 tableros de juego montados a doble cara

	
		2 libros de reglas (reglas principales y reglas en solitario)

	
		2 libros de escenarios

	
		390 cartas grandes (87 x 57 cm)

	
		312 cartas pequeñas (64 x 42 cm)

	
		16 dados gravados

	
		1 dado de 6 caras estándar

	
		1 tablero de Curia Papal

	
		6 insertos estándar para los componentes de jugador

	
		6 tableros de reino para los jugadores

	
		7 bandejas con tapas de Game Trayz con su respectivo inserto

	
		3 planchas de fichas troqueladas (más de 200 fichas)




","E0","http://tablerumdrupal.com/sites/tablerumcom/files/europa-universalis-el-precio-del-poder-comprar-barato.jpg, http://tablerumdrupal.com/sites/tablerumcom/files/europa-universalis-el-precio-del-poder-1-comprar-barato.jpg, http://tablerumdrupal.com/sites/tablerumcom/files/europa-universalis-el-precio-del-poder-2-comprar-barato.jpg, http://tablerumdrupal.com/sites/tablerumcom/files/europa-universalis-el-precio-del-poder-3-comprar-barato.jpg","101.691","109.049000000000007","150","+14 años","Mas que Oca"," 2-4 horas","8","Si","2","Sí","1-6","3","Juegos de Mesa"
"ROLElViejoTerrible","El Viejo Terrible","/el-viejo-terrible","




	



	 


	En una casa antigua de Water Street, junto al mar, vive un decrépito anciano cuya juventud ya nadie recuerda en la ciudad costera de Kingsport. Se dice de él que esconde una gran fortuna tras los muros de su morada. 



	 


	Pero no se engañen; a pesar de la tentadora lumbre que se derrama desde dentro, ésta no es una casa en la que desearían entrar. No, no es un lugar agradable en el que van a verse envueltos y menos agradable será el encuentro que protagonicen con este anciano. 
	 


","Rol","http://tablerumdrupal.com/sites/tablerumcom/files/el-viejo-terrible-1-comprar-barato.jpg, http://tablerumdrupal.com/sites/tablerumcom/files/el-viejo-terrible-comprar-barato.jpg","6.585","9.086","","","edge","","","","1","Sí","","1","libros"
"DungeonFighterSalasMagmaPerverso","Dungeon Fighter: En las Salas del Magma Perverso","/dungeon-fighter-en-las-salas-del-magma-perverso","




	Vuelve Dungeon Fighter… ¡Más ardiente que nunca! 



	 


	Dungeon Fighter en las Salas del Magma Perverso es una expansión independiente para Dungeon Fighter, ¡con nuevos contenidos de temática flamígera y un montón de chismes para jugar! ¡Tomad vuestros dados y preparaos para demostrar vuestra valía en la mazmorra! 



	 


	



	Dungeon Fighter es un juego que combina destreza, aventura y una buena dosis de humor. Los jugadores adoptan el papel de héroes autoproclamados, formando un grupo para lanzarse a la aventura. Por el camino, explorarán la mazmorra, inspeccionarán sus muchas estancias y se enfrentarán a interminables hordas de monstruos horribles, lanzando dados a la diana de maneras de lo más variopintas. Templados en la forja de la temeridad, este grupo de aspirantes a héroes necesitará una buena combinación de habilidad y coraje para sobrevivir a los peligros de la mazmorra y acabar derrotando al jefe final. ¿Tendrán lo que hay que tener? 



	



	Tal como pasaba en el juego original Dungeon Fighter, os encontraréis con salas especiales y enemigos particulares que os pedirán los movimientos y posiciones de lo más inverosímiles. En esta edición, los héroes deberán superar pruebas tales como saltar sobre las llamas, atravesar un anillo de fuego, rebotar sobre superficies de lava o intentar un ‘hoyo en uno’ dentro de un volcán, gracias a los nuevos chismes de plástico que incorpora la caja. Entre los nuevos componentes también destacan un dado de piedra y uno de metal, así como un nuevo conjunto básico de dados de 8 caras. Por supuesto, esta edición también incorpora nuevos jefes, monstruos y salas de mazmorra Dungeon Fighter, en las Salas del Magma Perverso no puede faltar en las estanterías de los amantes de los juegos cooperativos de mazmorras. La diversión está asegurada mientras tratáis de superar las pruebas tirando los dados de formas que nunca habríais imaginado. Si combináis esta edición con otros títulos del universo Dungeon Fighter conseguiréis partidas únicas y un buen número de encuentros distintos. 



	 


	¡Confiad en vuestra destreza y lanzaros a la aventura!



","Novedades","http://tablerumdrupal.com/sites/tablerumcom/files/dungeon-fighter-en-las-salas-del-magma-perverso-comprar-barato.jpg, http://tablerumdrupal.com/sites/tablerumcom/files/dungeon-fighter-en-las-salas-del-magma-perverso-1-comprar-barato.jpg","33.862","37.148","50","+8 años","devir","50min","5","Si","1","Sí","1-4","1","Juegos de Mesa"
